{"cameraMode":{"drawMode":0,"name":"Shaded","section":"Shading Mode"},"sceneLighting":true,"audioPlay":false,"sceneViewState":{"showFog":true,"showMaterialUpdate":false,"showSkybox":true,"showFlares":true,"showImageEffects":true,"showParticleSystems":true},"in2DMode":false,"pivot":{"x":3.4108166694641115,"y":3.4499874114990236,"z":0.0},"rotation":{"x":0.13460655510425569,"y":-0.34832438826560976,"z":0.05061838775873184,"w":0.926276683807373},"size":8.061762809753418,"orthographic":false}