{"cameraMode":{"drawMode":0,"name":"Shaded","section":"Shading Mode"},"sceneLighting":false,"audioPlay":false,"sceneViewState":{"showFog":true,"showMaterialUpdate":false,"showSkybox":false,"showFlares":true,"showImageEffects":true,"showParticleSystems":true},"in2DMode":false,"pivot":{"x":-0.3012275695800781,"y":2.4356775283813478,"z":0.046128273010253909},"rotation":{"x":-0.00005314914233167656,"y":0.9998083710670471,"z":-0.019808242097496988,"w":-0.00301316287368536},"size":21.429513931274415,"orthographic":false}