{"cameraMode":{"drawMode":0,"name":"Shaded","section":"Shading Mode"},"sceneLighting":false,"audioPlay":false,"sceneViewState":{"showFog":true,"showMaterialUpdate":false,"showSkybox":false,"showFlares":true,"showImageEffects":true,"showParticleSystems":true},"in2DMode":false,"pivot":{"x":-0.8851281404495239,"y":2.421643018722534,"z":2.7199459075927736},"rotation":{"x":0.00015303859254345298,"y":0.9994651079177856,"z":0.03268470987677574,"w":-0.004511137027293444},"size":8.405196189880371,"orthographic":false}